Address,Instruction,Notes
0x200,"""A321""",
0x202,"""6000""",
0x204,"""6100""",
0x206,"""6208""",
0x208,"""D015""",
0x20A,"""F21E""",
0x20C,"""8024""",
0x20E,"""D015""",
0x210,"""F21E""",
0x212,"""8024""",
0x214,"""D015""",
0x216,"""F21E""",
0x218,"""8024""",
0x21A,"""D015""",
0x21C,"""F21E""",
0x21E,"""8024""",
0x220,"""D015""",
0x222,"""F21E""",
0x224,"""8024""",
0x226,"""D015""",
0x228,"""F21E""",
0x22A,"""8024""",
0x22C,"""D015""",
0x22E,"""F21E""",
0x230,"""8024""",
0x232,"""D015""",
0x234,"""6605""",
0x236,"""6702""",
0x238,"""6A00""",
0x23A,"""12B8""",
0x23C,"""6B00""",
0x23E,"""6C00""",
0x240,"""A2D8""",
0x242,"""FB1E""",
0x244,"""F365""",
0x246,"""22CE""",
0x248,"""225C""",
0x24A,"""1262""",
0x24C,"""22CE""",
0x24E,"""225C""",
0x250,"""7B04""",
0x252,"""7C01""",
0x254,"""5C60""",
0x256,"""1240""",
0x258,"""123C""",
0x25A,"""1200""",
0x25C,"""A320""",
0x25E,"""DED1""",
0x260,"""00EE""",
0x262,"""A2D8""",
0x264,"""FB1E""",
0x266,"""F365""",
0x268,"""8024""",
0x26A,"""8134""",
0x26C,"""8E00""",
0x26E,"""8D10""",
0x270,"""8EE6""",
0x272,"""8DD6""",
0x274,"""84E0""",
0x276,"""65C2""",
0x278,"""8454""",
0x27A,"""4F01""",
0x27C,"""1292""",
0x27E,"""4D00""",
0x280,"""6301""",
0x282,"""84D0""",
0x284,"""65E1""",
0x286,"""8454""",
0x288,"""4F01""",
0x28A,"""1292""",
0x28C,"""3302""",
0x28E,"""7301""",
0x290,"""1294""",
0x292,"""229C""",
0x294,"""A2D8""",
0x296,"""FB1E""",
0x298,"""F355""",
0x29A,"""124C""",
0x29C,"""A300""",
0x29E,"""FA1E""",
0x2A0,"""F065""",
0x2A2,"""8200""",
0x2A4,"""7A01""",
0x2A6,"""641F""",
0x2A8,"""8A42""",
0x2AA,"""6020""",
0x2AC,"""611E""",
0x2AE,"""800E""",
0x2B0,"""811E""",
0x2B2,"""C303""",
0x2B4,"""73F8""",
0x2B6,"""00EE""",
0x2B8,"""6B00""",
0x2BA,"""6C00""",
0x2BC,"""229C""",
0x2BE,"""A2D8""",
0x2C0,"""FB1E""",
0x2C2,"""F355""",
0x2C4,"""7B04""",
0x2C6,"""7C01""",
0x2C8,"""5C60""",
0x2CA,"""12BC""",
0x2CC,"""123C""",
0x2CE,"""8E00""",
0x2D0,"""8D10""",
0x2D2,"""8EE6""",
0x2D4,"""8DD6""",
0x2D6,"""00EE""",
0x2D8,"""0000""",
0x2DA,"""0000""",
0x2DC,"""0000""",
0x2DE,"""0000""",
0x2E0,"""0000""",
0x2E2,"""0000""",
0x2E4,"""0000""",
0x2E6,"""0000""",
0x2E8,"""0000""",
0x2EA,"""0000""",
0x2EC,"""0000""",
0x2EE,"""0000""",
0x2F0,"""0000""",
0x2F2,"""0000""",
0x2F4,"""0000""",
0x2F6,"""0000""",
0x2F8,"""0000""",
0x2FA,"""0000""",
0x2FC,"""0000""",
0x2FE,"""0000""",
0x300,"""F8FA""",
0x302,"""F9FE""",
0x304,"""FBFC""",
0x306,"""FDFF""",
0x308,"""0201""",
0x30A,"""0305""",
0x30C,"""0406""",
0x30E,"""0708""",
0x310,"""0607""",
0x312,"""0405""",
0x314,"""0301""",
0x316,"""02FE""",
0x318,"""FFFC""",
0x31A,"""FBFD""",
0x31C,"""FAF9""",
0x31E,"""F8FA""",
0x320,"""80F7""",
0x322,"""0677""",
0x324,"""0636""",
0x326,"""0000""",
0x328,"""00C7""",
0x32A,"""6CCF""",
0x32C,"""0C0C""",
0x32E,"""0000""",
0x330,"""009F""",
0x332,"""D9DF""",
0x334,"""D9D9""",
0x336,"""0000""",
0x338,"""003F""",
0x33A,"""8C0C""",
0x33C,"""8C8C""",
0x33E,"""0000""",
0x340,"""0067""",
0x342,"""6C6C""",
0x344,"""6C67""",
0x346,"""0000""",
0x348,"""00B0""",
0x34A,"""3030""",
0x34C,"""30BE""",
0x34E,"""0000""",
0x350,"""00F9""",
0x352,"""C3F1""",
0x354,"""C0FB""",
0x356,"""0000""",
0x358,"""00EF""",
0x35A,"""00CE""",
0x35C,"""60CC""",
0x35E,"""0000""",
